{
   "providers":[
      {
         "file":"cosmetic:custom/menu/black.png",
         "chars":[
            ""
         ],
         "height":5,
         "ascent":-5000,
         "type":"bitmap"
      },
      {
         "file":"pixel:pixels/pixel.png",
         "chars":[
            "綾"
         ],
         "height":8,
         "ascent":7,
         "type":"bitmap"
      },
      {
	     "file":"pixel:pixels/pixel.png",
         "chars":[
            "菱"
         ],
         "height":8,
         "ascent":6,
         "type":"bitmap"
      },
      {  
	     "file":"pixel:pixels/pixel.png",
         "chars":[
            "拏"
         ],
         "height":8,
         "ascent":5,
         "type":"bitmap"
      },
      {  
	     "file":"pixel:pixels/pixel.png",
         "chars":[
            "樂"
         ],
         "height":8,
         "ascent":4,
         "type":"bitmap"
      },
      {  
	     "file":"pixel:pixels/pixel.png",
         "chars":[
            "諾"
         ],
         "height":8,
         "ascent":3,
         "type":"bitmap"
      },
      {  
	     "file":"pixel:pixels/pixel.png",
         "chars":[
            "丹"
         ],
         "height":8,
         "ascent":2,
         "type":"bitmap"
      },
      {  
	     
	     "file":"pixel:pixels/pixel.png",
         "chars":[
            "寧"
         ],
         "height":8,
         "ascent":1,
         "type":"bitmap"
      },
      {
		 "file":"pixel:pixels/pixel.png",
         "chars":[
            "怒"
         ],
         "height":8,
         "ascent":0,
         "type":"bitmap"
	  },
      {
		 "file":"pixel:pixels/pixel16x16_1.1.png",
         "chars":[
            "豈"
         ],
         "height":8,
         "ascent":7,
         "type":"bitmap"
	  },
      {
		 
		 "file":"pixel:pixels/pixel16x16_1.2.png",
         "chars":[
            "更"
         ],
         "height":8,
         "ascent":7,
         "type":"bitmap"
	  },
      {
		 "file":"pixel:pixels/pixel16x16_2.png",
         "chars":[
            "串"
         ],
         "height":8,
         "ascent":7,
         "type":"bitmap"
	  },
      {
		 "file":"pixel:pixels/pixel16x16_2.1.png",
         "chars":[
            "句"
         ],
         "height":8,
         "ascent":7,
         "type":"bitmap"
	  },
      {
		  "file":"pixel:pixels/pixel16x16_3.png",
         "chars":[
            "龜"
         ],
         "height":8,
         "ascent":7,
         "type":"bitmap"
	  },
      {
		 "file":"pixel:pixels/pixel16x16_3.1.png",
         "chars":[
            "龜"
         ],
         "height":8,
         "ascent":7,
         "type":"bitmap"
	  },
      {
		 "file":"pixel:pixels/pixel16x16_4.png",
         "chars":[
            "契"
         ],
         "height":8,
         "ascent":7,
         "type":"bitmap"
	  },
      {
		 "file":"pixel:pixels/pixel16x16_4.1.png",
         "chars":[
            "金"
         ],
         "height":8,
         "ascent":7,
         "type":"bitmap"
	  },
      {
		  "file":"pixel:pixels/pixel16x16_5.png",
         "chars":[
            "奈"
         ],
         "height":8,
         "ascent":7,
         "type":"bitmap"
	  },
      {
		 "file":"pixel:pixels/pixel16x16_5.1.png",
         "chars":[
            "喇"
         ],
         "height":8,
         "ascent":7,
         "type":"bitmap"
	  },
      {
		 "file":"pixel:pixels/pixel16x16_6.png",
         "chars":[
            "懶"
         ],
         "height":8,
         "ascent":7,
         "type":"bitmap"
	  },
      {
		 "file":"pixel:pixels/pixel16x16_6.1.png",
         "chars":[
            "癩"
         ],
         "height":8,
         "ascent":7,
         "type":"bitmap"
	  },
      {
		 "file":"pixel:pixels/pixel16x16_7.png",
         "chars":[
            "螺"
         ],
         "height":8,
         "ascent":7,
         "type":"bitmap"
	  },
      {
		 "file":"pixel:pixels/pixel16x16_7.1.png",
         "chars":[
            "蘿"
         ],
         "height":8,
         "ascent":7,
         "type":"bitmap"
	  },
      {
		 "file":"pixel:pixels/pixel16x16_8.png",
         "chars":[
            "裸"
         ],
         "height":8,
         "ascent":7,
         "type":"bitmap"
	  },
      {
		 "file":"pixel:pixels/pixel16x16_8.1.png",
         "chars":[
            "樂"
         ],
         "height":8,
         "ascent":7,
         "type":"bitmap"
	  },
      {
		 
		 "file":"pixel:pixels/pixel16x16_9.png",
         "chars":[
            "洛"
         ],
         "height":8,
         "ascent":7,
         "type":"bitmap"
	  },
      {
		 
		 "file":"pixel:pixels/pixel16x16_9.1.png",
         "chars":[
            "烙"
         ],
         "height":8,
         "ascent":7,
         "type":"bitmap"
	  },
      {
		 "file":"pixel:pixels/pixel16x16_10.png",
         "chars":[
            "珞"
         ],
         "height":8,
         "ascent":7,
         "type":"bitmap"
	  },
      {
		 "file":"pixel:pixels/pixel16x16_10.1.png",
         "chars":[
            "落"
         ],
         "height":8,
         "ascent":7,
         "type":"bitmap"
	  },
      {
		 "file":"pixel:pixels/pixel16x16_11.png",
         "chars":[
            "酪"
         ],
         "height":8,
         "ascent":7,
         "type":"bitmap"
	  },
      {
		 "file":"pixel:pixels/pixel16x16_11.1.png",
         "chars":[
            "駱"
         ],
         "height":8,
         "ascent":7,
         "type":"bitmap"
	  },
      {
		 "file":"pixel:pixels/pixel16x16_12.png",
         "chars":[
            "卵"
         ],
         "height":8,
         "ascent":7,
         "type":"bitmap"
	  },
      {
		 "file":"pixel:pixels/pixel16x16_12.1.png",
         "chars":[
            "亂"
         ],
         "height":8,
         "ascent":7,
         "type":"bitmap"
	  },
      {
		 "file":"pixel:pixels/pixel16x16_13.png",
         "chars":[
            "蘭"
         ],
         "height":8,
         "ascent":7,
         "type":"bitmap"
	  },
      {
		 "file":"pixel:pixels/pixel16x16_13.1.png",
         "chars":[
            "爛"
         ],
         "height":8,
         "ascent":7,
         "type":"bitmap"
	  },
      {
		 "file":"pixel:pixels/pixel16x16_14.png",
         "chars":[
            "鸞"
         ],
         "height":8,
         "ascent":7,
         "type":"bitmap"
	  },
      {
		 "file":"pixel:pixels/pixel16x16_14.1.png",
         "chars":[
            "嵐"
         ],
         "height":8,
         "ascent":7,
         "type":"bitmap"
	  },
      {
		 "file":"pixel:pixels/pixel16x16_15.png",
         "chars":[
            "濫"
         ],
         "height":8,
         "ascent":7,
         "type":"bitmap"
	  },
      {
		 "file":"pixel:pixels/pixel16x16_15.1.png",
         "chars":[
            "藍"
         ],
         "height":8,
         "ascent":7,
         "type":"bitmap"
	  },
      {
		 "file":"pixel:pixels/pixel16x16_16.png",
         "chars":[
            "襤"
         ],
         "height":8,
         "ascent":7,
         "type":"bitmap"
	  },
      {
		 "file":"pixel:pixels/pixel16x16_16.1.png",
         "chars":[
            "拉"
         ],
         "height":8,
         "ascent":7,
         "type":"bitmap"
	  },
      {
		 "file":"pixel:pixels/16x16_2.png",
         "chars":[
            "蠟"
         ],
         "height":16,
         "ascent":16,
         "type":"bitmap"
	  },
      {
		 "file":"pixel:pixels/16x16_2.png",
         "chars":[
            "狼"
         ],
         "height":16,
         "ascent":15,
         "type":"bitmap"
	  },
      {
		 "file":"pixel:pixels/16x16_2.png",
         "chars":[
            "浪"
         ],
         "height":16,
         "ascent":14,
         "type":"bitmap"
	  },
      {
		 "file":"pixel:pixels/16x16_2.png",
         "chars":[
            "郎"
         ],
         "height":16,
         "ascent":13,
         "type":"bitmap"
	  },
      {
		 "file":"pixel:pixels/16x16_2.png",
         "chars":[
            "來"
         ],
         "height":16,
         "ascent":12,
         "type":"bitmap"
	  },
      {
		 "file":"pixel:pixels/16x16_2.png",
         "chars":[
            "冷"
         ],
         "height":16,
         "ascent":11,
         "type":"bitmap"
	  },
      {
		 "file":"pixel:pixels/16x16_2.png",
         "chars":[
            "勞"
         ],
         "height":16,
         "ascent":10,
         "type":"bitmap"
	  },
      {
		 "file":"pixel:pixels/16x16_2.png",
         "chars":[
            "擄"
         ],
         "height":16,
         "ascent":9,
         "type":"bitmap"
	  },
      {
		 "file":"pixel:pixels/16x16_2.png",
         "chars":[
            "櫓"
         ],
         "height":16,
         "ascent":8,
         "type":"bitmap"
	  },
      {
		 "file":"pixel:pixels/16x16_2.png",
         "chars":[
            "爐"
         ],
         "height":16,
         "ascent":7,
         "type":"bitmap"
	  },
      {
		 "file":"pixel:pixels/16x16_2.png",
         "chars":[
            "盧"
         ],
         "height":16,
         "ascent":6,
         "type":"bitmap"
	  },
      {
		 "file":"pixel:pixels/16x16_2.png",
         "chars":[
            "老"
         ],
         "height":16,
         "ascent":5,
         "type":"bitmap"
	  },
      {
		 "file":"pixel:pixels/16x16_2.png",
         "chars":[
            "蘆"
         ],
         "height":16,
         "ascent":4,
         "type":"bitmap"
	  },
      {
		 "file":"pixel:pixels/16x16_2.png",
         "chars":[
            "路"
         ],
         "height":16,
         "ascent":3,
         "type":"bitmap"
	  },
      {
		 "file":"pixel:pixels/16x16_2.png",
         "chars":[
            "露"
         ],
         "height":16,
         "ascent":2,
         "type":"bitmap"
	  },
      {
		 "file":"pixel:pixels/16x16_2.png",
         "chars":[
            "魯"
         ],
         "height":16,
         "ascent":1,
         "type":"bitmap"
	  },
      {
		  
		  
		  
		  
         "file":"pixel:pixels/pixel_4.png",
         "chars":[
            "北"
         ],
         "height":32,
         "ascent":7,
         "type":"bitmap"
      },
      {
	     "file":"pixel:pixels/pixel_4.png",
         "chars":[
            "磻"
         ],
         "height":32,
         "ascent":4,
         "type":"bitmap"
      },
      {  
	     "file":"pixel:pixels/pixel_4.png",
         "chars":[
            "便"
         ], 
         "height":32,
         "ascent":1,
         "type":"bitmap"
      },
      {  
	     "file":"pixel:pixels/pixel_4.png",
         "chars":[
            "復"
         ],
         "height":32,
         "ascent":-2,
         "type":"bitmap"
      },
      {  
	     "file":"pixel:pixels/pixel_4.png",
         "chars":[
            "不"
         ],
         "height":32,
         "ascent":-5,
         "type":"bitmap"
      },
      {  
	     "file":"pixel:pixels/pixel_4.png",
         "chars":[
            "泌"
         ],
         "height":32,
         "ascent":-8,
         "type":"bitmap"
      },
      {  
	     
	     "file":"pixel:pixels/pixel_4.png",
         "chars":[
            "數"
         ],
         "height":32,
         "ascent":-11,
         "type":"bitmap"
      },
      {
		 "file":"pixel:pixels/pixel_4.png",
         "chars":[
            "索"
         ],
         "height":32,
         "ascent":-14,
         "type":"bitmap"
	  },
      {
         "file":"pixel:pixels/pixel_4.png",
         "chars":[
            "說"
         ],
         "height":32,
         "ascent":2,
         "type":"bitmap"
      },
      {
	     "file":"pixel:pixels/pixel_4.png",
         "chars":[
            "糧"
         ],
         "height":32,
         "ascent":-1,
         "type":"bitmap"
      },
      {  
	     "file":"pixel:pixels/pixel_4.png",
         "chars":[
            "辰"
         ], 
         "height":32,
         "ascent":-4,
         "type":"bitmap"
      },
      {  
	     "file":"pixel:pixels/pixel_4.png",
         "chars":[
            "沈"
         ],
         "height":32,
         "ascent":-7,
         "type":"bitmap"
      },
      {  
	     "file":"pixel:pixels/pixel_4.png",
         "chars":[
            "拾"
         ],
         "height":32,
         "ascent":-10,
         "type":"bitmap"
      },
      {  
	     "file":"pixel:pixels/pixel_4.png",
         "chars":[
            "若"
         ],
         "height":32,
         "ascent":-13,
         "type":"bitmap"
      },
      {  
	     
	     "file":"pixel:pixels/pixel_4.png",
         "chars":[
            "掠"
         ],
         "height":32,
         "ascent":-16,
         "type":"bitmap"
      },
      {
		 "file":"pixel:pixels/pixel_4.png",
         "chars":[
            "略"
         ],
         "height":32,
         "ascent":-19,
         "type":"bitmap"
	  },
      {  
	     "file":"pixel:pixels/pixel_4.png",
         "chars":[
            "亮"
         ],
         "height":32,
         "ascent":-40,
         "type":"bitmap"
      },
      {  
	     "file":"pixel:pixels/pixel_4.png",
         "chars":[
            "兩"
         ],
         "height":32,
         "ascent":-43,
         "type":"bitmap"
      },
      {  
	     
	     "file":"pixel:pixels/pixel_4.png",
         "chars":[
            "凉"
         ],
         "height":32,
         "ascent":-46,
         "type":"bitmap"
      },
      {
		 "file":"pixel:pixels/pixel_4.png",
         "chars":[
            "梁"
         ],
         "height":32,
         "ascent":-49,
         "type":"bitmap"
      },
      {
         "file":"pixel:shift/pixel_split.png",
         "chars":[
            ""
         ],
         "height":-3,
         "ascent":-32768,
         "type":"bitmap"
      },
      {
		 "file":"pixel:shift/pixel_split.png",
         "chars":[
            ""
         ],
         "height":-4,
         "ascent":-32768,
         "type":"bitmap"
      },
      {
		 "file":"pixel:shift/pixel_split2.png",
         "chars":[
            ""
         ],
         "height":-3,
         "ascent":-32768,
         "type":"bitmap"
      },
      {
         "file":"pixel:shift/pixel_split.png",
         "chars":[
            ""
         ],
         "height":-11,
         "ascent":-32678,
         "type":"bitmap"
      },
      {
         "file":"pixel:shift/pixel_split.png",
         "chars":[
            ""
         ],
         "height":-5,
         "ascent":-32768,
         "type":"bitmap"
      },
      {
         "file":"pixel:shift/pixel_split.png",
         "chars":[
            ""
         ],
         "height":-19,
         "ascent":-32768,
         "type":"bitmap"
	  },
      {
         "file":"pixel:shift/pixel_split.png",
         "chars":[
            ""
         ],
         "height":-27,
         "ascent":-32768,
         "type":"bitmap"
	  },
      {
		  "file":"pixel:shift/pixel_split.png",
         "chars":[
            ""
         ],
         "height":-51,
         "ascent":-32768,
         "type":"bitmap"
	  },
      {
		 "file":"pixel:shift/pixel_split.png",
         "chars":[
            ""
         ],
         "height":80,
         "ascent":-32768,
         "type":"bitmap"
	  },
      {
		 "file":"pixel:shift/pixel_split.png",
         "chars":[
            ""
         ],
         "height":1,
         "ascent":-32768,
         "type":"bitmap"
	  },
	  {
		 "file":"pixel:shift/pixel_split.png",
         "chars":[
            ""
         ],
         "height":-95,
         "ascent":-32768,
         "type":"bitmap"
	  }
   ]
}